,level_1_without_hydrogen,level_1_with_hydrogen,level_1_data_driven,level_2_without_hydrogen,level_2_with_hydrogen,level_2_data_driven
ace_vaxinpad,11.933772746939212,12.147425138857216,12.589162120129913,12.990841377992183,13.24607949797064,13.465463208034635
acp_anticp,28.72338985465467,29.083772087004036,28.56466213380918,29.16429416788742,29.51710990583524,30.02315567014739
acp_iacp,17.50217053713277,17.998847095295787,17.903602494858205,18.310758396983147,18.62683081999421,18.747120663058013
acp_mlacp,31.80531562305987,32.1321947039105,32.43681918177754,33.23165990412235,33.48720903415233,33.86384776374325
afp_amppred,287.7265975540504,291.629061921034,298.82479575881734,311.61126856692135,319.0706507707946,323.52504581585526
