,level_1_without_hydrogen,level_1_with_hydrogen,level_1_data_driven,level_2_without_hydrogen,level_2_with_hydrogen,level_2_data_driven
afp_antifp,621.5685889599845,621.7535465830006,627.5484329611063,634.6142201269977,637.960084205959,641.2220321740024
ai4avp,1665.464722468052,1675.4675576901063,1699.8975292523392,1738.3199848071672,1770.5309718651697,1821.5068052732386
ai4avp_2,31.359517021104693,31.886393783148378,32.01641581626609,32.72947003087029,33.03688408015296,33.333158703986555
aip_aippred,24.678643020335585,24.848339737858623,25.108301030937582,25.852756682783365,26.32392394915223,26.714009003713727
aip_antiinflam,48.925364336930215,49.63708201888949,50.279632737860084,51.65261856885627,52.67442594980821,53.531586174853146
