,level_1_without_hydrogen,level_1_with_hydrogen,level_1_data_driven,level_2_without_hydrogen,level_2_with_hydrogen,level_2_data_driven
amp_antibp,51.18410173601296,51.5021026339964,51.59828962900792,52.61487761000171,53.096110704995226,53.10473890398862
amp_antibp2,136.41645604200312,138.81410056700406,140.35762451701157,144.0314084010024,146.67331525801274,148.33656372599944
amp_csamp,74.64552222000202,74.65394434399786,75.3566292989999,75.83904122500098,76.91988507300266,76.27078151299793
amp_fernandes,658.6625668100023,658.9747287229984,659.334237891002,672.0488386700017,670.676182285999,667.0034106730018
amp_gonzales,9.199361512990436,9.362638794991653,9.495139232996735,9.603163559993845,10.221596495000995,9.891737540994654
