,level_1_without_hydrogen,level_1_with_hydrogen,level_1_data_driven,level_2_without_hydrogen,level_2_with_hydrogen,level_2_data_driven
amp_modlamp,328.0572792789899,328.079763605725,330.594803865999,340.94068038696423,346.7625321210362,352.69691820815206
atb_antitbp,15.47757259896025,15.857994321268052,15.845624296925962,16.249960761051625,16.444579510949552,17.06332747405395
atb_iantitb,16.241360399872065,16.41414961591363,16.568457939196378,17.161706800106913,17.314446489326656,17.42488483991474
avp_amppred,121.2263832418248,124.67188310623169,125.18056155368686,129.6605759896338,133.27302804682404,138.13239978719503
