,level_1_without_hydrogen,level_1_with_hydrogen,level_1_data_driven,level_2_without_hydrogen,level_2_with_hydrogen,level_2_data_driven
bce_ibce,62.57687637070194,63.71079682931304,63.021570964250714,65.93729107594118,68.35173409804702,70.35253750532866
c2pred,32.94740712409839,33.710876571945846,33.808125756215304,35.09840399492532,35.78644545795396,37.04807342495769
cppsite1,54.52218652702868,54.95477430615574,55.83091648109257,58.115515392273664,59.58207601681352,60.80244204774499
cppsite2,13.579706666059792,13.706553581170738,13.60270024323836,14.31510576279834,14.482468630187213,14.667377900797874
