,level_1_without_hydrogen,level_1_with_hydrogen,level_1_data_driven,level_2_without_hydrogen,level_2_with_hydrogen,level_2_data_driven
cpp_cellppd,64.44901116425171,65.29945285897702,64.71043996093795,67.11480001499876,69.5640455367975,70.95880153169855
cpp_cellppdmod,65.93633161811158,66.2226898339577,67.5151320323348,68.94980074418709,70.22032657871023,71.2862940710038
cpp_cppredfl,47.679529757238925,48.59277056995779,48.63433408504352,50.106479773297906,51.243250811938196,52.31952947610989
cpp_ind,10.385794925969094,10.406105507165194,10.39900920400396,10.521733860950917,10.813930117059499,10.937005777843297
