,level_1_without_hydrogen,level_1_with_hydrogen,level_1_data_driven,level_2_without_hydrogen,level_2_with_hydrogen,level_2_data_driven
cpp_mixed,4.0080584436655045,4.104185421951115,4.253048948012292,4.287397019099444,4.367143741808832,4.443895794916898
cpp_mlcpp,92.74832570785657,91.94896107912064,93.71819588402286,97.12657572189346,98.72397019620985,101.37510253116488
cpp_mlcppue,13.12156652379781,13.300232194829732,13.298420193139464,13.686327760107815,13.796818332280964,14.097671364899725
cpp_sanders,4.870686935726553,4.910654337145388,5.003769142087549,5.1021758178249,5.201993661001325,5.710221444256604
